<?xml version="1.0" encoding="UTF-8"?>
<folder exportedWithPermissions="true">
    <parent>/</parent>
    <name>public</name>
    <label>Public</label>
    <description></description>
    <creationDate>2017-01-31T17:07:43.013+02:00</creationDate>
    <updateDate>2016-06-22T05:01:02.364+03:00</updateDate>
    <permission>
        <permissionMask>2</permissionMask>
        <recipient recipientType="role">ROLE_USER</recipient>
    </permission>
    <permission>
        <permissionMask>6</permissionMask>
        <recipient tenantId="organization_1" recipientType="user">joeuser</recipient>
    </permission>
</folder>
