<?xml version="1.0" encoding="UTF-8"?>
<folder exportedWithPermissions="true">
    <parent>/public</parent>
    <name>diagnostic</name>
    <label>Diagnostic</label>
    <description></description>
    <creationDate>2017-01-31T17:07:43.852+02:00</creationDate>
    <updateDate>2012-09-06T16:11:43.302+03:00</updateDate>
    <permission>
        <permissionMask>0</permissionMask>
        <recipient recipientType="role">ROLE_USER</recipient>
    </permission>
    <permission>
        <permissionMask>0</permissionMask>
        <recipient recipientType="role">ROLE_ADMINISTRATOR</recipient>
    </permission>
</folder>
