<?xml version="1.0" encoding="UTF-8"?>
<folder exportedWithPermissions="false">
    <parent>/public</parent>
    <name>SME</name>
    <label>SME</label>
    <description></description>
    <creationDate>2017-05-25T16:30:21.233+03:00</creationDate>
    <updateDate>2017-05-25T16:30:21.233+03:00</updateDate>
    <resource>9.CustomerDetailReport</resource>
    <resource>AllAccounts</resource>
    <resource>Cascading_multi_select_topic</resource>
    <resource>JSDiagnosticReport</resource>
</folder>
