<?xml version="1.0" encoding="UTF-8"?>
<reportUnit exportedWithPermissions="true">
    <folder>/public/SME</folder>
    <name>States</name>
    <version>0</version>
    <label>20.4 States</label>
    <description>Sample Report used for basic Visualize.js demo</description>
    <creationDate>2017-07-18T16:59:04.470+03:00</creationDate>
    <updateDate>2017-06-21T11:32:18.909+03:00</updateDate>
    <mainReport>
        <localResource
            xmlns:xsi="http://www.w3.org/2001/XMLSchema-instance"
            exportedWithPermissions="false" dataFile="main_jrxml.data" xsi:type="fileResource">
            <folder>/public/SME/States_files</folder>
            <name>main_jrxml</name>
            <version>0</version>
            <label>Main jrxml</label>
            <creationDate>2017-07-18T16:59:04.470+03:00</creationDate>
            <updateDate>2017-07-18T16:59:04.470+03:00</updateDate>
            <fileType>jrxml</fileType>
        </localResource>
    </mainReport>
    <dataSource>
        <uri>/public/Samples/Data_Sources/FoodmartDataSourceJNDI</uri>
    </dataSource>
    <alwaysPromptControls>false</alwaysPromptControls>
    <controlsLayout>1</controlsLayout>
</reportUnit>
