<?xml version="1.0" encoding="UTF-8"?>
<folder exportedWithPermissions="true">
    <parent>/</parent>
    <name>organizations</name>
    <label>Organizations</label>
    <description>Organizations</description>
    <creationDate>2017-01-31T17:07:42.833+02:00</creationDate>
    <updateDate>2016-06-22T05:00:59.422+03:00</updateDate>
    <permission>
        <permissionMask>1</permissionMask>
        <recipient recipientType="role">ROLE_ADMINISTRATOR</recipient>
    </permission>
    <permission>
        <permissionMask>2</permissionMask>
        <recipient recipientType="role">ROLE_USER</recipient>
    </permission>
</folder>
