<?xml version="1.0" encoding="UTF-8"?>
<fileResource exportedWithPermissions="true" dataFile="supermart_zh_CN.properties.data">
    <folder>/public/Samples/Resources/Extras</folder>
    <name>supermart_zh_CN.properties</name>
    <version>0</version>
    <label>supermart_zh_CN.properties</label>
    <description>Chinese resource bundle</description>
    <creationDate>2017-01-31T17:07:56.884+02:00</creationDate>
    <updateDate>2014-09-30T20:27:43.840+03:00</updateDate>
    <fileType>prop</fileType>
</fileResource>
