<?xml version="1.0" encoding="UTF-8"?>
<fileResource exportedWithPermissions="false" dataFile="supermart_ja.properties.data">
    <folder>/public/Samples/Resources/Extras</folder>
    <name>supermart_ja.properties</name>
    <version>0</version>
    <label>supermart_ja.properties</label>
    <description>Japanese resource bundle</description>
    <creationDate>2017-01-31T17:07:56.930+02:00</creationDate>
    <updateDate>2014-09-30T20:27:44.181+03:00</updateDate>
    <fileType>prop</fileType>
</fileResource>
