<?xml version="1.0" encoding="UTF-8"?>
<fileResource exportedWithPermissions="false" dataFile="supermart.properties.data">
    <folder>/public/Samples/Resources/Extras</folder>
    <name>supermart.properties</name>
    <version>0</version>
    <label>supermart.properties</label>
    <description>Base resource bundle</description>
    <creationDate>2017-01-31T17:07:57.074+02:00</creationDate>
    <updateDate>2014-09-30T20:27:43.736+03:00</updateDate>
    <fileType>prop</fileType>
</fileResource>
